{"options":{"check_for_updates":false,"comment":null,"compat_foreach":false,"compat_metadata":false,"compat_prototypes":false,"compat_wrappedjsobject":false,"compatopts_for_requires":true,"noframes":null,"override":{"merge_connects":true,"merge_excludes":true,"merge_includes":true,"merge_matches":true,"orig_connects":[],"orig_excludes":[],"orig_includes":["http://*.*/*","https://*.*/*"],"orig_matches":[],"orig_noframes":null,"orig_run_at":"document-idle","use_blockers":[],"use_connects":[],"use_excludes":[],"use_includes":[],"use_matches":[]},"run_at":null},"settings":{"enabled":true,"position":1},"meta":{"name":"Magic Player","uuid":"62c100d3-c944-4e19-9f90-8b272068631e","sc_uuid":"62c100d3-c944-4e19-9f90-8b272068631e","modified":1758140905286,"file_url":"https://awe.acestream.me/install/acestream/Magic_Player.acestream.js"}}