{"options":{"check_for_updates":false,"comment":null,"compat_foreach":false,"compat_metadata":false,"compat_prototypes":false,"compat_wrappedjsobject":false,"compatopts_for_requires":true,"noframes":null,"override":{"merge_connects":true,"merge_excludes":true,"merge_includes":true,"merge_matches":true,"orig_connects":[""],"orig_excludes":[],"orig_includes":[],"orig_matches":["http://*.*/*","https://*.*/*"],"orig_noframes":null,"orig_run_at":"document-idle","use_blockers":[],"use_connects":[],"use_excludes":[],"use_includes":[],"use_matches":[]},"run_at":null},"settings":{"enabled":true,"position":2},"meta":{"name":"P2P Search","uuid":"0f4ab4d3-daee-4bf1-bae9-8a61a784f20d","sc_uuid":"0f4ab4d3-daee-4bf1-bae9-8a61a784f20d","modified":1756737856556,"file_url":"https://awe.acestream.me/install/acestream/P2P_Search.acestream.js"}}